Date,Close,Volume
1/2/2015,38.0061,6906098
1/5/2015,37.2781,11623796
1/6/2015,36.9748,7664340
1/7/2015,37.8848,9732554
1/8/2015,38.4961,13170548
1/9/2015,37.2361,27556706
1/12/2015,37.4415,10021486
1/13/2015,37.7401,11040702
1/14/2015,37.5301,9295084
1/15/2015,37.1381,8126602
1/16/2015,37.6188,9015502
1/20/2015,37.9058,10738304
1/21/2015,37.9361,10844182
1/22/2015,38.6128,23913056
1/23/2015,41.1702,38107194
1/26/2015,41.1235,14098574
1/27/2015,41.2262,10995808
1/28/2015,40.8645,11963202
1/29/2015,41.5575,12475860
1/30/2015,40.8482,10070456
2/2/2015,41.0629,13638832
2/3/2015,41.4469,9252426
2/4/2015,41.5453,11496698
2/5/2015,41.9856,7598672
2/6/2015,41.6858,7835332
2/9/2015,41.6015,6911614
2/10/2015,42.7069,12469500
2/11/2015,42.5242,6466910
2/12/2015,43.009,7197558
2/13/2015,42.8942,6109522
2/17/2015,43.105,6386900
2/18/2015,43.5593,6541986
2/19/2015,43.639,6109176
2/20/2015,43.7982,6462662
2/23/2015,43.831,5854572
2/24/2015,43.7701,6337888
2/25/2015,44.1495,8120660
2/26/2015,44.2853,6816352
2/27/2015,43.7865,8658404
3/2/2015,44.1331,7947018
3/3/2015,44.0277,7578374
3/4/2015,43.5874,7774534
3/5/2015,43.8544,5848750
3/6/2015,43.1917,6814414
3/9/2015,43.5781,5984880
3/10/2015,43.1753,6076984
3/11/2015,42.8193,8185894
3/12/2015,43.7373,7295344
3/13/2015,43.6952,5835252
3/16/2015,44.0488,6772606
3/17/2015,44.208,5508796
3/18/2015,44.8895,15429928
3/19/2015,45.7888,22020618
3/20/2015,45.6483,17360612
3/23/2015,45.6062,7985986
3/24/2015,45.8614,7718488
3/25/2015,44.8567,9907170
3/26/2015,44.5336,10344304
3/27/2015,44.5289,7993350
3/30/2015,44.9551,6830270
3/31/2015,44.3556,8717754
4/1/2015,43.5687,14125350
4/2/2015,44.2104,8863018
4/6/2015,44.2713,6058894
4/7/2015,44.0605,5354670
4/8/2015,44.6038,6827888
4/9/2015,44.927,7109621
4/10/2015,45.1237,6643106
4/13/2015,45.4329,8171030
4/14/2015,45.2455,5952424
4/15/2015,45.0956,5162169
4/16/2015,45.194,5312499
4/17/2015,44.6085,7539865
4/20/2015,44.9364,4868425
4/21/2015,45.3111,6213360
4/22/2015,45.2783,7248119
4/23/2015,46.304,15866051
4/24/2015,48.5616,22284881
4/27/2015,47.653,11222608
4/28/2015,47.4094,8882901
4/29/2015,47.4469,7161992
4/30/2015,46.4446,8492048
5/1/2015,47.1097,5916509
5/4/2015,47.2549,7493420
5/5/2015,46.4279,10691207
5/6/2015,45.9815,8033489
5/7/2015,46.3762,5681417
5/8/2015,46.7803,6039840
5/11/2015,46.5172,5047180
5/12/2015,46.7145,5868552
5/13/2015,46.6017,4927094
5/14/2015,47.5086,7339742
5/15/2015,47.7388,6016694
5/18/2015,48.0959,8999761
5/19/2015,48.3215,6976052
5/20/2015,47.955,5644662
5/21/2015,48.2369,5084042
5/22/2015,48.3779,5857672
5/26/2015,47.7764,7369923
5/27/2015,48.4812,6213573
5/28/2015,48.688,5874382
5/29/2015,48.8289,9399112
6/1/2015,49.0733,7075082
6/2/2015,48.6128,7877799
6/3/2015,48.9793,5522702
6/4/2015,48.6034,6230805
6/5/2015,49.0451,7123248
6/8/2015,48.4248,6320181
6/9/2015,48.4342,5034038
6/10/2015,49.5149,8003611
6/11/2015,49.327,6030167
6/12/2015,49.4586,5236747
6/15/2015,49.1203,5554964
6/16/2015,49.7734,6106529
6/17/2015,50.0318,6735294
6/18/2015,50.8494,10712142
6/19/2015,50.6802,10609714
6/22/2015,50.652,7100665
6/23/2015,50.8541,5679984
6/24/2015,50.4735,5524969
6/25/2015,50.8118,5389863
6/26/2015,51.3286,6637183
6/29/2015,50.3231,6534077
6/30/2015,50.3842,9793969
7/1/2015,50.6426,6107698
7/2/2015,50.9715,5684667
7/6/2015,51.0326,5396439
7/7/2015,51.0984,9462256
7/8/2015,50.1728,8139303
7/9/2015,50.793,7681013
7/10/2015,51.2817,8087800
7/13/2015,52.3436,7477170
7/14/2015,52.3905,7028025
7/15/2015,52.0053,8212573
7/16/2015,52.3812,7305520
7/17/2015,52.3342,8715431
7/20/2015,52.8228,8029646
7/21/2015,52.8134,6717452
7/22/2015,53.2739,6876059
7/23/2015,53.1517,12439229
7/24/2015,53.8377,14559687
7/27/2015,53.5464,8993523
7/28/2015,53.6968,8689215
7/29/2015,54.0445,8470512
7/30/2015,54.5613,7337948
7/31/2015,54.4392,6519528
8/3/2015,54.6835,7664002
8/4/2015,55.3149,9113083
8/5/2015,55.607,7349063
8/6/2015,53.9297,11064470
8/7/2015,53.9014,7781995
8/10/2015,53.025,12029150
8/11/2015,53.1004,8062553
8/12/2015,53.1287,10075571
8/13/2015,53.5716,6731474
8/14/2015,53.8072,4803903
8/17/2015,54.4103,5768362
8/18/2015,54.4951,5575441
8/19/2015,54.2689,6044193
8/20/2015,52.5916,7470885
8/21/2015,49.7928,20211503
8/24/2015,47.437,27158813
8/25/2015,48.1438,19659002
8/26/2015,50.8482,15517591
8/27/2015,52.7235,15987923
8/28/2015,52.4219,7584826
8/31/2015,51.555,7971204
9/1/2015,50.4148,13424932
9/2/2015,52.0733,9891071
9/3/2015,51.5361,7968868
9/4/2015,51.1498,6994267
9/8/2015,52.0262,8051710
9/9/2015,51.5361,8406656
9/10/2015,52.1769,8924778
9/11/2015,53.27,8363110
9/14/2015,53.0439,5464463
9/15/2015,53.6281,6741341
9/16/2015,53.9579,6593362
9/17/2015,53.9768,7525349
9/18/2015,53.5622,16268035
9/21/2015,54.2218,6220131
9/22/2015,53.826,8585093
9/23/2015,54.4574,6829205
9/24/2015,55.0039,10027330
9/25/2015,54.6458,10627026
9/28/2015,52.5539,11548114
9/29/2015,52.5068,9392065
9/30/2015,53.5622,9799610
10/1/2015,54.1653,8497124
10/2/2015,54.7307,9036765
10/5/2015,55.6353,8198998
10/6/2015,55.3055,5642949
10/7/2015,55.3903,8138313
10/8/2015,56.0311,6834836
10/9/2015,56.6059,7969884
10/12/2015,57.0488,6430301
10/13/2015,56.6907,6262774
10/14/2015,55.428,8365604
10/15/2015,56.2478,9745919
10/16/2015,56.474,12860812
10/19/2015,57.454,8117213
10/20/2015,57.3692,6089097
10/21/2015,57.0394,6063923
10/22/2015,57.944,9182031
10/23/2015,58.9994,8205994
10/26/2015,59.7721,9751716
10/27/2015,59.0937,8973243
10/28/2015,59.8475,9627260
10/29/2015,58.8958,14839093
10/30/2015,58.9617,16822302
11/2/2015,58.6508,8547237
11/3/2015,59.1785,8847718
11/4/2015,58.3869,9085091
11/5/2015,58.6884,6144979
11/6/2015,58.3963,6616305
11/9/2015,57.9898,6838326
11/10/2015,58.7839,6689040
11/11/2015,58.4908,4437315
11/12/2015,57.7345,6793779
11/13/2015,56.4772,8821593
11/16/2015,57.3658,8096603
11/17/2015,57.2429,6695251
11/18/2015,58.4247,7215255
11/19/2015,58.1032,5154366
11/20/2015,58.6043,8302476
11/23/2015,59.2188,8493485
11/24/2015,58.5759,7908223
11/25/2015,58.7934,4549913
11/27/2015,58.7839,2447902
11/30/2015,58.0371,9863771
12/1/2015,58.0182,10910838
12/2/2015,57.8763,6587454
12/3/2015,56.2976,12056103
12/4/2015,58.3774,9100588
12/7/2015,58.5097,5967809
12/8/2015,58.765,6664947
12/9/2015,57.8385,8541573
12/10/2015,58.4908,6623896
12/11/2015,56.5528,11489255
12/14/2015,56.6473,13453719
12/15/2015,56.7041,7842073
12/16/2015,57.0539,9281835
12/17/2015,56.2645,9079430
12/18/2015,55.4183,18099462
12/21/2015,56.2881,7187470
12/22/2015,56.7135,6501424
12/23/2015,57.0444,4510229
12/24/2015,57.0255,2215418
12/28/2015,56.9026,4437236
12/29/2015,57.7913,5477335
12/30/2015,57.4982,3973912
12/31/2015,56.7513,4960875
1/4/2016,55.078,13521544
1/5/2016,55.4467,9617778
1/6/2016,54.9551,8266322
1/7/2016,53.5938,11140877
1/8/2016,53.537,10427021
1/11/2016,54.662,10757313
1/12/2016,56.2125,12375826
1/13/2016,54.7093,11303603
1/14/2016,55.7587,11444106
1/15/2016,54.8322,15246127
1/19/2016,55.3522,12288950
1/20/2016,53.8112,22786359
1/21/2016,55.806,20888519
1/22/2016,55.9383,32820193
1/25/2016,54.5581,13554262
1/26/2016,55.4089,8898100
1/27/2016,54.4824,12491252
1/28/2016,56.047,11832368
1/29/2016,57.4509,13224438
2/1/2016,58.0465,9529094
2/2/2016,57.5675,9407352
2/3/2016,56.4625,12254460
2/4/2016,55.2864,13944926
2/5/2016,51.6822,24529008
2/8/2016,51.3503,21457492
2/9/2016,51.6159,11605059
2/10/2016,52.2988,11663942
2/11/2016,52.0901,12106062
2/12/2016,52.9817,8680205
2/16/2016,53.5033,11594766
2/17/2016,54.6604,11955188
2/18/2016,54.025,8493953
2/19/2016,54.6984,9033620
2/22/2016,55.8366,8390689
2/23/2016,55.4477,7064095
2/24/2016,55.1157,10780882
2/25/2016,55.7227,6262127
2/26/2016,55.3339,7473374
2/29/2016,55.2106,7645081
3/1/2016,56.9463,9183562
3/2/2016,56.491,8856392
3/3/2016,55.9978,8262455
3/4/2016,55.6753,8344773
3/7/2016,55.0114,9204624
3/8/2016,54.632,8127426
3/9/2016,54.1293,9734589
3/10/2016,54.5561,7023785
3/11/2016,54.6225,15497560
3/14/2016,55.6279,9053250
3/15/2016,56.0357,7428469
3/16/2016,56.5953,8069427
3/17/2016,56.4815,7734658
3/18/2016,56.6238,14313578
3/21/2016,56.0547,6487185
3/22/2016,56.3203,8246837
3/23/2016,55.7986,5794495
3/24/2016,55.3528,5948307
3/28/2016,55.9219,5791603
3/29/2016,56.4815,6031947
3/30/2016,56.9178,5723499
3/31/2016,56.6238,5622834
4/1/2016,57.8758,9401126
4/4/2016,57.1454,5799864
4/5/2016,56.9463,4994792
4/6/2016,57.6956,5667253
4/7/2016,58.018,8239174
4/8/2016,57.8947,5064894
4/11/2016,57.762,6103358
4/12/2016,56.4341,17565750
4/13/2016,57.1075,9898527
4/14/2016,57.0316,5157368
4/15/2016,57.392,5965310
4/18/2016,57.7525,7228573
4/19/2016,57.762,7283570
4/20/2016,57.762,5558770
4/21/2016,57.5153,12799083
4/22/2016,54.7079,29836693
4/25/2016,54.7932,8428038
4/26/2016,54.7458,8839067
4/27/2016,53.9681,12390767
4/28/2016,53.5128,9196560
4/29/2016,53.3326,12133364
5/2/2016,54.4044,8616189
5/3/2016,53.5382,7854260
5/4/2016,53.6715,6508507
5/5/2016,53.5382,6215367
5/6/2016,53.5954,6378690
5/9/2016,53.9094,5976229
5/10/2016,54.7185,7931185
5/11/2016,53.5192,8118920
5/12/2016,53.5858,6870281
5/13/2016,53.129,5466041
5/16/2016,52.853,9536192
5/17/2016,52.2343,10530018
5/18/2016,52.1581,7468496
5/19/2016,51.9202,7582848
5/20/2016,51.9868,8430783
5/23/2016,51.9678,7352054
5/24/2016,52.7673,7748697
5/25/2016,52.4913,8126058
5/26/2016,52.6245,9451708
5/27/2016,52.4913,6631120
5/31/2016,52.2438,12043976
6/1/2016,52.1772,8761577
6/2/2016,51.9868,8307488
6/3/2016,51.9773,6649224
6/6/2016,52.9101,9900917
6/7/2016,52.634,7173072
6/8/2016,52.5579,7623851
6/9/2016,52.9005,5927854
6/10/2016,52.22,8118651
6/13/2016,52.3866,7928722
6/14/2016,52.891,8036517
6/15/2016,52.6816,7447317
6/16/2016,52.853,7968033
6/17/2016,52.6436,9503017
6/20/2016,52.7102,7286681
6/21/2016,53.1195,7445109
6/22/2016,52.9291,7215411
6/23/2016,53.424,5569431
6/24/2016,52.0439,14654672
6/27/2016,51.1017,11650798
6/28/2016,52.2057,8416950
6/29/2016,54.0046,11103787
6/30/2016,54.3663,10215193
7/1/2016,54.2426,8330308
7/5/2016,54.0332,7274208
7/6/2016,54.0141,8474188
7/7/2016,54.1664,6813347
7/8/2016,53.7857,12655500
7/11/2016,53.6049,10394366
7/12/2016,54.7089,10998486
7/13/2016,53.7572,12183638
7/14/2016,54.8136,11353599
7/15/2016,54.6423,8494000
7/18/2016,54.1759,7614635
7/19/2016,54.0237,8719772
7/20/2016,54.7661,9446396
7/21/2016,54.8232,16151699
7/22/2016,55.1087,23899275
7/25/2016,55.1563,10486019
7/26/2016,55.4989,10106663
7/27/2016,55.0611,6551777
7/28/2016,55.4038,6830059
7/29/2016,55.2515,6914907
8/1/2016,54.8517,7997576
8/2/2016,54.1831,7574622
8/3/2016,53.4286,11484792
8/4/2016,52.9319,11193748
8/5/2016,53.3904,9206197
8/8/2016,52.8746,9129307
8/9/2016,52.7218,7136683
8/10/2016,53.123,6991077
8/11/2016,52.9797,6191412
8/12/2016,52.9797,5039757
8/15/2016,52.7696,5968728
8/16/2016,52.8842,5751178
8/17/2016,53.2949,7410631
8/18/2016,53.037,5390990
8/19/2016,52.4735,8981214
8/22/2016,53.3426,8837808
8/23/2016,53.8679,7827873
8/24/2016,54.527,13200460
8/25/2016,54.718,6686589
8/26/2016,54.718,6940511
8/29/2016,54.25,7026700
8/30/2016,53.8679,6377668
8/31/2016,53.7056,6996894
9/1/2016,53.782,6230148
9/2/2016,53.6578,7441463
9/6/2016,53.505,6472907
9/7/2016,53.7915,11428644
9/8/2016,52.8173,12673626
9/9/2016,51.91,10658120
9/12/2016,52.2538,11002544
9/13/2016,51.5566,10050215
9/14/2016,51.4802,6707850
9/15/2016,51.6807,8080426
9/16/2016,51.3274,10207750
9/19/2016,50.6301,9231628
9/20/2016,50.9071,8731499
9/21/2016,51.5566,9213637
9/22/2016,51.9482,9096709
9/23/2016,51.9864,6945147
9/26/2016,51.6139,7755629
9/27/2016,51.7572,6463747
9/28/2016,51.5566,8593496
9/29/2016,51.0504,11993517
9/30/2016,51.7094,13767754
10/3/2016,51.4229,5479037
10/4/2016,51.1268,6176358
10/5/2016,50.9549,7451916
10/6/2016,50.7543,6130270
10/7/2016,51.0599,7279723
10/10/2016,50.9071,7224335
10/11/2016,50.5442,9720407
10/12/2016,50.7734,6320462
10/13/2016,50.5728,6958128
10/14/2016,50.697,6430136
10/17/2016,50.3914,5223526
10/18/2016,50.2481,6550399
10/19/2016,50.7638,9095261
10/20/2016,51.1841,9286800
10/21/2016,51.2223,6767204
10/24/2016,51.7476,6919714
10/25/2016,51.2605,6052830
10/26/2016,51.2223,5817798
10/27/2016,51.1841,7899957
10/28/2016,51.1268,6620333
10/31/2016,50.6874,9142509
11/1/2016,50.143,15425819
11/2/2016,50.6015,10851658
11/3/2016,49.4458,21847292
11/4/2016,50.3818,21956848
11/7/2016,52.0437,14916848
11/8/2016,52.1678,9351994
11/9/2016,52.1296,13727777
11/10/2016,51.165,13621701
11/11/2016,51.5088,8436435
11/14/2016,51.7858,10489826
11/15/2016,52.3807,9588036
11/16/2016,53.1963,10779155
11/17/2016,53.5897,8744504
11/18/2016,53.513,8740953
11/21/2016,53.8296,8004000
11/22/2016,54.8083,10268720
11/23/2016,55.2593,8183628
11/25/2016,55.1058,3228848
11/28/2016,55.2593,8750925
11/29/2016,55.8158,10582850
11/30/2016,55.6239,9527959
12/1/2016,56.1421,12381607
12/2/2016,54.8947,16869957
12/5/2016,55.173,7701167
12/6/2016,55.1154,7035674
12/7/2016,56.382,9094812
12/8/2016,56.2764,7972498
12/9/2016,56.3724,7091577
12/12/2016,56.3916,7736198
12/13/2016,56.9097,8878080
12/14/2016,56.3724,9022867
12/15/2016,55.3745,11837756
12/16/2016,55.3265,10611461
12/19/2016,55.3169,6433824
12/20/2016,55.3649,4888284
12/21/2016,55.1154,5380537
12/22/2016,54.7987,6777656
12/23/2016,54.7028,4298476
12/27/2016,54.5589,4186157
12/28/2016,54.0695,5548726
12/29/2016,54.0407,3781721
12/30/2016,53.2731,8344508
1/3/2017,53.11,7809307
1/4/2017,53.7241,7796290
1/5/2017,54.175,7602321
1/6/2017,54.8179,8587812
1/9/2017,55.8446,12640515
1/10/2017,55.5376,6672024
1/11/2017,55.7487,6027960
1/12/2017,55.6815,4733015
1/13/2017,55.5088,4745840
1/17/2017,55.6527,5734666
1/18/2017,56.0845,7375725
1/19/2017,55.5472,7850480
1/20/2017,55.3265,7651562
1/23/2017,55.4224,6814368
1/24/2017,56.0749,10704103
1/25/2017,56.3244,7124547
1/26/2017,56.0941,12382416
1/27/2017,53.8488,28884899
1/30/2017,53.6377,13322010
1/31/2017,52.9852,14307985
2/1/2017,51.7186,18796871
2/2/2017,51.6899,15289650
2/3/2017,52.8317,14161693
2/6/2017,53.4746,13029829
2/7/2017,53.2433,9910498
2/8/2017,53.224,11681938
2/9/2017,53.7927,11106757
2/10/2017,54.1878,11178950
2/13/2017,54.0818,8027939
2/14/2017,54.5348,8865947
2/15/2017,54.8047,6967179
2/16/2017,54.6794,8524519
2/17/2017,55.277,11008366
2/21/2017,55.4601,8289185
2/22/2017,55.489,7876599
2/23/2017,55.5565,7178627
2/24/2017,55.4023,7806190
2/27/2017,54.7276,7702400
2/28/2017,54.8143,8750655
3/1/2017,55.0746,7197973
3/2/2017,55.0553,6595418
3/3/2017,55.036,7738064
3/6/2017,54.6312,9159983
3/7/2017,54.1686,10890313
3/8/2017,53.7252,13061632
3/9/2017,53.1951,17844248
3/10/2017,52.5589,13886431
3/13/2017,52.6553,9090230
3/14/2017,52.3083,7892888
3/15/2017,52.5686,8712006
3/16/2017,52.8192,8074278
3/17/2017,53.7637,15822141
3/20/2017,53.7927,7948425
3/21/2017,53.5324,8030642
3/22/2017,53.8698,8452070
3/23/2017,53.8312,7357207
3/24/2017,54.7565,15763000
3/27/2017,55.1613,8861799
3/28/2017,55.277,8331644
3/29/2017,55.4601,7001635
3/30/2017,56.0577,8677916
3/31/2017,56.2794,9156707
4/3/2017,56.3276,8989831
4/4/2017,56.2119,6474781
4/5/2017,56.1155,13656221
4/6/2017,55.8264,9112533
4/7/2017,55.9228,6773750
4/10/2017,55.8553,5266312
4/11/2017,55.7878,5855091
4/12/2017,55.4987,5450298
4/13/2017,55.4312,4871717
4/17/2017,55.9806,5626042
4/18/2017,56.2409,5449699
4/19/2017,56.9059,12000639
4/20/2017,57.9083,12445862
4/21/2017,58.4192,8799985
4/24/2017,58.9011,10721276
4/25/2017,58.7565,11031475
4/26/2017,59.3348,8525419
4/27/2017,59.0842,15285342
4/28/2017,57.889,25046130
5/1/2017,58.0047,10910341
5/2/2017,58.3131,9152088
5/3/2017,58.3999,7706367
5/4/2017,58.6312,6874286
5/5/2017,58.7469,6443309
5/8/2017,58.7372,5588371
5/9/2017,59.0179,5806562
5/10/2017,58.7082,7198414
5/11/2017,58.3307,5516893
5/12/2017,58.0017,5647531
5/15/2017,58.5049,5904094
5/16/2017,58.0501,6303480
5/17/2017,57.8081,7581230
5/18/2017,57.8952,8602411
5/19/2017,59.3856,12530995
5/22/2017,59.2598,6392124
5/23/2017,59.1824,5622524
5/24/2017,59.8986,7283789
5/25/2017,60.8761,8931804
5/26/2017,61.2632,6097990
5/30/2017,61.2245,7094586
5/31/2017,61.5633,7314634
6/1/2017,61.6987,6058263
6/2/2017,62.4924,7840374
6/5/2017,62.202,6809284
6/6/2017,62.0956,5448439
6/7/2017,61.4568,8364994
6/8/2017,60.2373,11289266
6/9/2017,60.1889,11240487
6/12/2017,59.3179,11071593
6/13/2017,58.9598,9384906
6/14/2017,58.3307,9703332
6/15/2017,58.1565,7515980
6/16/2017,58.2049,11522438
6/19/2017,58.9404,6778024
6/20/2017,57.9339,6985666
6/21/2017,58.0307,6027647
6/22/2017,57.5952,5602002
6/23/2017,57.8855,6469495
6/26/2017,57.721,5674637
6/27/2017,57.0629,5652429
6/28/2017,57.2758,5419169
6/29/2017,56.4822,7421177
6/30/2017,56.4338,8117066
7/3/2017,56.3757,4575268
7/5/2017,56.0757,7773566
7/6/2017,55.7466,8886648
7/7/2017,56.1725,7278250
7/10/2017,55.9499,4832094
7/11/2017,56.037,5422330
7/12/2017,56.6564,7141916
7/13/2017,56.5015,8460245
7/14/2017,56.8693,5441377
7/17/2017,56.4531,6774471
7/18/2017,56.337,7857464
7/19/2017,56.2402,8203557
7/20/2017,56.1628,10546701
7/21/2017,56.1144,6717235
7/24/2017,56.1531,7442589
7/25/2017,56.6661,7933137
7/26/2017,56.0757,8775889
7/27/2017,57.5855,23286716
7/28/2017,52.2625,53454789
7/31/2017,52.2431,20299407
8/1/2017,52.969,18120912
8/2/2017,53.6465,14764854
8/3/2017,53.8884,13331459
8/4/2017,53.6561,9179779
8/7/2017,53.84,7253947
8/8/2017,53.0039,11095259
8/9/2017,52.2456,16717719
8/10/2017,51.5943,13235301
8/11/2017,51.7012,9235033
8/14/2017,51.7401,7426467
8/15/2017,51.672,6674597
8/16/2017,52.0123,7667081
8/17/2017,51.5651,7451679
8/18/2017,51.2345,10370499
8/21/2017,51.672,12753196
8/22/2017,52.9359,14547613
8/23/2017,52.5762,11838533
8/24/2017,52.4401,8716699
8/25/2017,52.8484,8601120
8/28/2017,52.8873,6643652
8/29/2017,52.5956,6212403
8/30/2017,53.0039,5596567
8/31/2017,53.3345,8245287
9/1/2017,53.4025,7696302
9/5/2017,53.597,9178048
9/6/2017,52.7998,11372298
9/7/2017,51.9831,13801890
9/8/2017,52.0026,11774483
9/11/2017,52.5178,9314079
9/12/2017,52.0512,10339446
9/13/2017,52.7803,12787883
9/14/2017,53.0137,8260770
9/15/2017,53.1498,10744783
9/18/2017,53.1692,6348360
9/19/2017,53.1012,5187121
9/20/2017,53.6164,7080035
9/21/2017,53.4803,7178462
9/22/2017,53.5581,6950029
9/25/2017,53.422,10242655
9/26/2017,53.597,8021851
9/27/2017,53.4609,8671309
9/28/2017,52.9845,7607473
9/29/2017,52.2165,11944370
10/2/2017,52.3137,5955980
10/3/2017,52.4887,6137069
10/4/2017,52.4303,5569058
10/5/2017,53.0817,7994274
10/6/2017,53.6359,10576278
10/9/2017,53.49,5822893
10/10/2017,53.8789,6573918
10/11/2017,54.0928,8881897
10/12/2017,54.4136,7234267
10/13/2017,54.1706,6231132
10/16/2017,53.3831,7256893
10/17/2017,52.9942,11227337
10/18/2017,53.6747,8299509
10/19/2017,53.8595,5720179
10/20/2017,53.0525,11741092
10/23/2017,52.7609,10111071
10/24/2017,52.7706,7818490
10/25/2017,52.6539,8281219
10/26/2017,53.3831,12211440
10/27/2017,53.3539,9922611
10/30/2017,53.6359,6430949
10/31/2017,53.315,8857829
11/1/2017,53.597,7189764
11/2/2017,53.3442,16879022
11/3/2017,54.4719,28773774
11/6/2017,54.9969,10835659
11/7/2017,55.6289,11167447
11/8/2017,56.2997,13533654
11/9/2017,55.765,14758907
11/10/2017,55.4539,7930318
11/13/2017,55.065,7648192
11/14/2017,55.3469,7758215
11/15/2017,55.4154,8880505
11/16/2017,55.9431,8310611
11/17/2017,55.6401,6311519
11/20/2017,55.5229,6360086
11/21/2017,55.9627,6284259
11/22/2017,55.8454,7309073
11/24/2017,55.5131,3479177
11/27/2017,54.6433,10580296
11/28/2017,55.3763,9734431
11/29/2017,56.207,10017914
11/30/2017,56.51,11509224
12/1/2017,56.0213,12756391
12/4/2017,57.4287,13302050
12/5/2017,57.9955,11295644
12/6/2017,57.9369,8458198
12/7/2017,57.8001,6033792
12/8/2017,57.2821,9950491
12/11/2017,57.7317,10286560
12/12/2017,57.9271,6042917
12/13/2017,58.1421,7726299
12/14/2017,58.3474,8946111
12/15/2017,56.9693,22595018
12/18/2017,56.7152,8751620
12/19/2017,56.6957,7946435
12/20/2017,56.422,7188717
12/21/2017,56.2754,5974474
12/22/2017,56.0018,7148723
12/26/2017,55.8454,5546208
12/27/2017,55.9724,4812173
12/28/2017,56.5002,5044505
12/29/2017,56.1288,5365646
1/2/2018,56.3243,7215978
1/3/2018,57.3798,7478356
1/4/2018,57.5948,5775921
1/5/2018,58.2594,6047686
1/8/2018,57.9662,6335782
1/9/2018,57.8392,5233353
1/10/2018,58.4647,8656454
1/11/2018,58.6406,5806282
1/12/2018,59.0315,6989075
1/16/2018,59.1879,8040748
1/17/2018,59.2856,8433771
1/18/2018,59.7059,9170903
1/19/2018,59.872,8361853
1/22/2018,60.0186,11945783
1/23/2018,60.2923,10806783
1/24/2018,59.4518,11911867
1/25/2018,59.1781,16225618
1/26/2018,56.6761,51851690
1/29/2018,55.7281,18899867
1/30/2018,55.8943,14341155
1/31/2018,55.5229,13118364
2/1/2018,54.7312,14690146
2/2/2018,54.5064,15358909
2/5/2018,53.4509,16059955
2/6/2018,54.3501,17415065
2/7/2018,53.5148,13927022
2/8/2018,52.8368,17736671
2/9/2018,53.6327,19382011
2/12/2018,54.4189,10968956
2/13/2018,54.7038,10416385
2/14/2018,55.0183,14190323
2/15/2018,55.598,10294949
2/16/2018,55.4998,10151328
2/20/2018,54.9986,9450906
2/21/2018,55.1264,7850950
2/22/2018,54.4385,10172399
2/23/2018,55.1657,11394350
2/26/2018,56.1778,8713847
2/27/2018,55.5882,8821414
2/28/2018,56.109,11541059
3/1/2018,55.1951,11127627
3/2/2018,55.9419,11555132
3/5/2018,56.0009,7835398
3/6/2018,56.0402,8046794
3/7/2018,56.0402,7044099
3/8/2018,56.4726,7434706
3/9/2018,57.4454,9539617
3/12/2018,58.3691,10550283
3/13/2018,58.0252,10411354
3/14/2018,57.809,6488531
3/15/2018,58.3396,7377036
3/16/2018,57.976,13030896
3/19/2018,57.2882,9350572
3/20/2018,57.6419,5888445
3/21/2018,57.4552,6569109
3/22/2018,56.7674,6846463
3/23/2018,55.3327,9476776
3/26/2018,56.7969,8444852
3/27/2018,56.4628,7562939
3/28/2018,56.8951,9301897
3/29/2018,56.8853,12015218
4/2/2018,55.2639,16778277
4/3/2018,56.9934,10908217
4/4/2018,57.809,7893065
4/5/2018,58.1136,6305050
4/6/2018,57.3275,8264473
4/9/2018,57.6812,8023776
4/10/2018,58.3789,6671853
4/11/2018,58.3887,5508027
4/12/2018,58.3986,6088247
4/13/2018,58.2119,6689776
4/16/2018,58.3986,6119171
4/17/2018,58.7916,6139581
4/18/2018,58.4673,5914193
4/19/2018,58.1922,6280126
4/20/2018,56.9934,12037567
4/23/2018,57.1506,8444396
4/24/2018,56.8067,7793565
4/25/2018,56.7084,8367357
4/26/2018,58.3494,14516626
4/27/2018,57.3471,11975153
4/30/2018,56.5708,7854596
5/1/2018,57.1211,7257462
5/2/2018,55.7159,7299089
5/3/2018,55.1558,7152390
5/4/2018,56.6789,9279180
5/7/2018,56.4529,10630594
5/8/2018,56.6691,7234031
5/9/2018,56.3431,7015334
5/10/2018,56.9457,6565825
5/11/2018,56.5703,5843427
5/14/2018,56.432,5871783
5/15/2018,55.948,7415770
5/16/2018,56.4518,4843941
5/17/2018,56.5012,6110124
5/18/2018,56.4617,7786028
5/21/2018,56.6395,5379291
5/22/2018,56.2641,5355604
5/23/2018,56.7876,5339882
5/24/2018,56.9753,5681592
5/25/2018,57.2124,6783776
5/29/2018,56.5308,6475865
5/30/2018,56.7778,5762434
5/31/2018,55.9777,9433042
6/1/2018,56.2147,4967653
6/4/2018,56.3728,7484072
6/5/2018,54.9998,18278843
6/6/2018,56.4716,13709779
6/7/2018,56.4419,7919801
6/8/2018,55.9085,8433528
6/11/2018,55.79,7181724
6/12/2018,55.79,8249711
6/13/2018,55.5233,8283213
6/14/2018,56.3234,11049707
6/15/2018,56.4123,12408270
6/18/2018,56.5209,9676910
6/19/2018,56.7284,9965474
6/20/2018,51.582,62091071
6/21/2018,50.0016,30722957
6/22/2018,50.614,24429564
6/25/2018,50.0411,15578586
6/26/2018,49.7645,12930561
6/27/2018,49.2311,14576867
6/28/2018,47.947,33210109
6/29/2018,48.2532,17413010
7/2/2018,48.4606,9870932
7/3/2018,48.1742,7517541
7/5/2018,48.0161,9630476
7/6/2018,48.3816,10711984
7/9/2018,49.2904,12811694
7/10/2018,49.804,9038021
7/11/2018,49.5274,9542401
7/12/2018,49.6361,9339200
7/13/2018,50.9894,21720110
7/16/2018,50.3177,16974920
7/17/2018,50.6535,11421330
7/18/2018,50.5251,13549524
7/19/2018,50.7128,11415630
7/20/2018,50.288,11033405
7/23/2018,50.5646,8406801
7/24/2018,50.5449,9921586
7/25/2018,50.9894,11370019
7/26/2018,50.8214,11114792
7/27/2018,51.5129,15770270
7/30/2018,51.2659,14448359
7/31/2018,51.7499,9228240
8/1/2018,51.2956,11952400
8/2/2018,51.0486,13636439
8/3/2018,51.5919,8246476
8/6/2018,51.4339,6505777
8/7/2018,51.4339,5869803
8/8/2018,51.2747,7258334
8/9/2018,51.6427,7175435
8/10/2018,51.2349,10539692
8/13/2018,51.5333,7911311
8/14/2018,52.3092,9385434
8/15/2018,52.4683,9566235
8/16/2018,52.7568,8721212
8/17/2018,53.274,8166981
8/20/2018,53.6321,9791538
8/21/2018,53.7116,7990040
8/22/2018,52.5379,10369620
8/23/2018,52.3788,8567574
8/24/2018,52.4683,9850039
8/27/2018,52.6871,6443156
8/28/2018,52.7667,7171873
8/29/2018,52.9656,6604919
8/30/2018,52.8164,5576425
8/31/2018,53.1646,10892775
9/4/2018,53.2441,8235166
9/5/2018,53.5028,7966579
9/6/2018,53.9205,7803422
9/7/2018,54.567,10231692
9/10/2018,54.6765,8621174
9/11/2018,54.8257,7873859
9/12/2018,54.6765,7297268
9/13/2018,54.5969,8566607
9/14/2018,54.4576,6827670
9/17/2018,54.2786,9277192
9/18/2018,54.7759,7569586
9/19/2018,55.134,7451644
9/20/2018,56.1287,10582603
9/21/2018,57.1432,25800450
9/24/2018,56.3873,10616004
9/25/2018,56.5962,9445481
9/26/2018,56.9642,7757332
9/27/2018,57.0338,6606185
9/28/2018,56.5365,8975955
10/1/2018,55.2832,12727584
10/2/2018,55.2931,12680838
10/3/2018,55.1738,7383546
10/4/2018,55.5915,9722043
10/5/2018,55.4622,9734042
10/8/2018,56.2381,9624260
10/9/2018,57.4018,24855677
10/10/2018,55.7109,14190452
10/11/2018,54.567,15316853
10/12/2018,56.1486,13980461
10/15/2018,56.447,10175142
10/16/2018,57.5013,11731398
10/17/2018,58.7844,14631015
10/18/2018,58.3269,12184673
10/19/2018,58.3468,10180500
10/22/2018,58.5855,8680150
10/23/2018,58.496,12834169
10/24/2018,57.75,12189685
10/25/2018,58.6452,9569597
10/26/2018,57.7599,13367726
10/29/2018,58.0583,14412820
10/30/2018,58.2771,14230072
10/31/2018,57.9588,11560416
11/1/2018,58.3169,18772357
11/2/2018,63.9765,45572997
11/5/2018,64.1357,23242808
11/6/2018,65.6575,16065429
11/7/2018,67.796,16465020
11/8/2018,68.353,14081663
11/9/2018,68.2337,8637203
11/12/2018,67.5474,12789647
11/13/2018,67.05,16636978
11/14/2018,67.04,13350450
11/15/2018,67.62,15246503
11/16/2018,68.16,9287882
11/19/2018,67.91,10855387
11/20/2018,67.18,11208855
11/21/2018,66.77,10978166
11/23/2018,65.7,7779765
11/26/2018,65.69,13066763
11/27/2018,66.08,13169085
11/28/2018,66.82,12867734
11/29/2018,66.88,9605484
11/30/2018,66.72,27309197
12/3/2018,67.5,13834742
12/4/2018,66.65,13555064
12/6/2018,66.55,17222196
12/7/2018,65.47,11057454
12/10/2018,65.49,12148308
12/11/2018,65.92,10903364
12/12/2018,66.13,11116217
12/13/2018,66.91,10016213
12/14/2018,65.34,16834020
12/17/2018,64.47,15143054
12/18/2018,64.92,10523476
12/19/2018,64.06,14390146
12/20/2018,62.15,20264918
12/21/2018,61.39,23524888
12/24/2018,60.56,6323252
12/26/2018,63.08,16646238
12/27/2018,63.2,11308081
12/28/2018,63.39,7712127
12/31/2018,64.4,7690183
